771,4866-4867-4865-49196-49200-163-159-52393-52392-52394-49327-49325-49315-49311-49245-49249-49239-49235-49188-49192-107-106-49267-49271-196-195-49162-49172-57-56-136-135-157-49313-49309-49233-61-192-53-132-49195-49199-162-158-49326-49324-49314-49310-49244-49248-49238-49234-49187-49191-103-64-49266-49270-190-189-49161-49171-51-50-154-153-69-68-156-49312-49308-49232-60-186-47-150-65-7-255,0-11-10-13172-16-22-23-13-43-45-51-21,29-23-30-25-24,0-1-2
771,4865-4867-4866-49195-49199-52393-52392-49196-49200-49162-49161-49171-49172-156-157-47-53-10,0-23-65281-10-11-16-5-34-51-42-43-13-45-28-41,29-23-24-25-256-257,0
771,49200-49196-49192-49188-49172-49162-165-163-161-159-107-106-105-104-57-56-55-54-136-135-134-133-49202-49198-49194-49190-49167-49157-157-61-53-132-141-49199-49195-49191-49187-49171-49161-164-162-160-158-103-64-63-62-51-50-49-48-154-153-152-151-69-68-67-66-49201-49197-49193-49189-49166-49156-156-60-47-150-65-7-140-49169-49159-49164-49154-5-4-138-255,0-11-10-35-13-15-21,23-25-28-27-24-26-22-14-13-11-12-9-10,0-1-2
771,4865-4867-4866-49195-49199-52393-52392-49196-49200-49162-49161-49171-49172-156-157-47-53-10,0-23-65281-10-11-35-16-5-34-51-43-13-45-28-21,29-23-24-25-256-257,0
771,4865-4867-4866-49195-49199-52393-52392-49196-49200-49162-49161-49171-49172-156-157-47-53-10,0-23-65281-10-11-16-5-34-51-43-13-45-28-41,29-23-24-25-256-257,0
771,4865-4866-4867-49195-49199-49196-49200-52393-52392-49171-49172-156-157-47-53,0-23-65281-10-11-35-16-5-13-18-51-45-43-27-17513-41,29-23-24,0
771,4866-4867-4865-49195-49199-49196-49200-49326-49324-49187-49191-49161-49171-49327-49325-49188-49192-49162-49172-156-49312-49308-60-47-157-49313-49309-61-53-65-132-255,0-11-10-35-22-23-13-43-45-51,25-24-23,0-1-2
771,49196-49195-49200-49199-49188-49187-49192-49191-49162-49161-49172-49171-157-156-61-60-53-47-10,0-5-10-11-13-35-16-23-65281,29-23-24,0
771,4865-4866-4867-49195-49199-49196-49200-52393-52392-49171-49172-156-157-47-53,0-23-65281-10-11-35-16-5-13-18-51-45-43-27-17513-21,29-23-24,0
771,4865-4867-4866-49195-49199-52393-52392-49196-49200-49162-49161-49171-49172-156-157-47-53-10,0-23-65281-10-11-16-5-34-51-42-43-13-45-28-65037-41,29-23-24-25-256-257,0
771,4865-4866-4867-49195-49199-49196-49200-52393-52392-49171-49172-156-157-47-53,0-23-65281-10-11-35-16-5-13-18-51-45-43-27-41,29-23-24,0
771,4865-4867-4866-49195-49199-52393-52392-49196-49200-49162-49161-49171-49172-156-157-47-53-10,0-23-65281-10-11-35-16-5-34-51-43-13-45-28-65037,29-23-24-25-256-257,0
771,4865-4866-4867-49199-49195-49200-49196-52393-52392-49161-49171-49162-49172-156-157-47-53-10,0-23-65281-10-11-35-13-51-45-43-21-41,29-23-24,0
771,49195-49199-52393-52392-49196-49200-49162-49161-49171-49172-156-157-47-53-10,0-23-65281-10-11-35-16-5-13-28,29-23-24-25,0
771,4865-4867-4866-49195-49199-52393-52392-49196-49200-49162-49161-49171-49172-156-157-47-53-10,0-23-65281-10-11-16-5-34-51-43-13-45-28-65037-41,29-23-24-25-256-257,0
771,4865-4866-4867-49195-49199-49196-49200-52393-52392-49171-49172-156-157-47-53,0-23-65281-10-11-35-16-5-13-18-51-45-43-27-21,29-23-24,0
769,49162-49161-49172-49171-53-47-10,0-5-10-11-35-23-65281,29-23-24,0
771,4865-4866-4867-49199-49195-49200-49196-52393-52392-49161-49171-49162-49172-156-157-47-53-10,0-23-65281-10-11-35-13-51-45-43,29-23-24,0
771,4865-4867-4866-49195-49199-52393-52392-49196-49200-49162-49161-49171-49172-156-157-47-53,0-23-65281-10-11-16-5-34-51-42-43-13-45-28-65037-41,29-23-24-25-256-257,0
771,4865-4867-4866-49195-49199-52393-52392-49196-49200-49162-49161-49171-49172-156-157-47-53,0-23-65281-10-11-16-5-34-51-43-13-45-28-41,29-23-24-25-256-257,0
771,4867-4865-4866-52393-52392-49195-49199-49196-49200-49161-49171-49162-49172-156-157-47-53-10,0-23-65281-10-11-16-13-13172-51-45-43-21,29-23-24,0
771,4865-4867-4866-49195-49199-52393-52392-49196-49200-49162-49161-49171-49172-156-157-47-53,0-23-65281-10-11-16-5-34-51-43-13-45-28-65037-41,29-23-24-25-256-257,0
771,4865-4867-4866-49195-49199-52393-52392-49196-49200-49162-49161-49171-49172-156-157-47-53,0-23-65281-10-11-35-16-5-34-51-43-13-45-28-65037,29-23-24-25-256-257,0
771,4865-4867-4866-49195-49199-52393-52392-49196-49200-49162-49161-49171-49172-156-157-47-53,0-23-65281-10-11-35-16-5-34-51-43-13-45-28-21,29-23-24-25-256-257,0
771,4865-4867-4866-49195-49199-52393-52392-49196-49200-49162-49161-49171-49172-156-157-47-53-10,0-23-65281-10-11-35-5-34-51-43-13-45-28-21,29-23-24-25-256-257,0
771,4865-4867-4866-49195-49199-52393-52392-49196-49200-49162-49161-49171-49172-156-157-47-53,0-23-65281-10-11-35-16-5-34-51-43-13-45-28,29-23-24-25-256-257,0
771,4865-4867-4866-49195-49199-52393-52392-49196-49200-49162-49161-49171-49172-156-157-47-53,0-23-65281-10-11-16-5-34-51-42-43-13-45-28-41,29-23-24-25-256-257,0
771,49196-49195-49200-49199-49188-49187-49192-49191-49162-49161-49172-49171-157-156-61-60-53-47-10,0-5-10-11-13-35-23-65281,29-23-24,0
771,4865-4867-4866-49195-49199-52393-52392-49196-49200-49162-49161-49171-49172-156-157-47-53-10,0-23-65281-10-11-5-34-51-43-13-45-28-41,29-23-24-25-256-257,0
771,4866-4867-4865-49195-49199-49196-49200-49326-49324-49187-49191-49161-49171-49327-49325-49188-49192-49162-49172-156-49312-49308-60-47-157-49313-49309-61-53-65-132-255,0-11-10-35-22-23-13-43-45-51-21,25-24-23,0-1-2
771,49196-49200-159-49325-49311-49188-49192-107-49162-49172-57-49327-49315-49287-49291-49277-49267-49271-196-136-49195-49199-158-49324-49310-49187-49191-103-49161-49171-51-49326-49314-49286-49290-49276-49266-49270-190-69-49160-49170-22-171-49319-49208-179-49206-145-49297-49307-49303-49323-170-49318-49207-178-49205-144-49296-49302-49306-49322-49204-143-157-49309-61-53-49202-49194-49167-49198-49190-49157-49313-49275-192-132-49293-49273-49289-49269-156-49308-60-47-49201-49193-49166-49197-49189-49156-49312-49274-186-65-49292-49272-49288-49268-10-49165-49155-173-183-149-49299-49305-172-182-148-49298-49304-147-169-49317-175-141-49295-49301-49321-168-49316-174-140-49294-49300-49320-139-255,0-13-10-11-22-23-16-35,25-28-24-27-23-22-26-21-20-19-18,0
771,4865-4866-4867-49195-49199-49196-49200-52393-52392-49171-49172-156-157-47-53,0-23-65281-10-11-35-16-5-13-18-51-45-43-27,29-23-24,0
771,4865-4866-4867-49195-49199-49196-49200-52393-52392-49171-49172-156-157-47-53,0-23-65281-10-11-35-5-13-18-51-45-43-27-21,29-23-24,0
771,4867-4865-4866-52393-52392-49195-49199-49196-49200-49161-49171-49162-49172-156-157-47-53-10,0-23-65281-10-11-35-13-51-45-43-21,29-23-24,0
771,49195-49199-52393-52392-49196-49200-49162-49161-49171-49172-156-157-47-53,0-23-65281-10-11-35-16-5-13-28,29-23-24-25,0
771,4865-4866-4867-49195-49199-49196-49200-52393-52392-49171-49172-156-157-47-53,0-23-65281-10-11-35-16-5-13-18-51-45-43-27-17513,29-23-24,0
771,4865-4866-4867-49195-49199-49196-49200-52393-52392-49171-49172-156-157-47-53,0-23-65281-10-11-35-16-5-13-18-51-45-43-27-17513-21-41,29-23-24,0
771,49196-49195-49200-49199-159-158-49188-49187-49192-49191-49162-49161-49172-49171-157-156-61-60-53-47-10,0-10-11-13-35-23-65281,29-23-24,0
771,49195-49199-52393-52392-49196-49200-49162-49161-49171-49172-156-157-47-53-10,0-23-65281-10-11-35-16-5-13-28-21,29-23-24-25,0
771,49195-49199-52393-52392-49196-49200-49162-49161-49171-49172-156-157-47-53,0-23-65281-10-11-35-16-5-13-28-21,29-23-24-25,0
771,4866-4867-4865-49196-49200-159-52393-52392-52394-49195-49199-158-49188-49192-107-49187-49191-103-49162-49172-57-49161-49171-51-157-156-61-60-53-47-255,0-11-10-13172-16-22-23-49-13-43-45-51-21,29-23-30-25-24,0-1-2
771,4865-4866-4867-49195-49199-49196-49200-52393-52392-49171-49172-156-157-47-53-10,0-23-65281-10-11-35-16-5-13-18-51-45-43-27-21,29-23-24,0
771,4865-4866-4867-49195-49199-49196-49200-52393-52392-49171-49172-156-157-47-53-10,0-23-65281-10-11-35-16-5-13-18-51-45-43-27-41,29-23-24,0
771,49188-49192-61-49190-49194-107-106-49162-49172-53-49157-49167-57-56-49187-49191-60-49189-49193-103-64-49161-49171-47-49156-49166-51-50-49196-49195-49200-157-49198-49202-159-163-49199-156-49197-49201-158-162-255,10-11-13-23-0,23-24-25-9-10-11-12-13-14-22,0
771,49196-49195-49200-49199-159-158-49188-49187-49192-49191-49162-49161-49172-49171-157-156-61-60-53-47-10,0-5-10-11-13-35-16-23-65281,29-23-24,0
771,4865-4867-4866-49195-49199-52393-52392-49196-49200-49162-49161-49171-49172-156-157-47-53-10,0-23-65281-10-11-35-16-5-34-51-43-13-45-28,29-23-24-25-256-257,0
771,49195-49199-49196-49200-52393-52392-49171-49172-156-157-47-53-10,65281-0-23-35-13-5-18-16-11-10,29-23-24,0
771,49195-49199-49196-49200-52393-52392-49171-49172-156-157-47-53-10,65281-0-23-35-13-5-18-16-11-10-21,29-23-24,0
771,49200-49196-49192-49188-49172-49162-165-163-161-159-107-106-105-104-57-56-55-54-136-135-134-133-49202-49198-49194-49190-49167-49157-157-61-53-132-49199-49195-49191-49187-49171-49161-164-162-160-158-103-64-63-62-51-50-49-48-154-153-152-151-69-68-67-66-49201-49197-49193-49189-49166-49156-156-60-47-150-65-49169-49159-49164-49154-5-4-49170-49160-22-19-16-13-49165-49155-10-255,0-11-10-35-13-15-21,23-25-28-27-24-26-22-14-13-11-12-9-10,0-1-2
771,49196-49195-49200-49199-159-158-49188-49187-49192-49191-49162-49161-49172-49171-157-156-61-60-53-47-10,0-5-10-11-13-35-23-65281,29-23-24,0
771,4865-4867-4866-49195-49199-52393-52392-49196-49200-49162-49161-49171-49172-156-157-47-53-10,0-23-65281-10-11-16-5-34-51-43-13-28-21,29-23-24-25-256-257,0
771,4865-4867-4866-49195-49199-52393-52392-49196-49200-49162-49161-49171-49172-156-157-47-53-10,0-23-65281-10-11-16-5-34-51-43-13-28-65037,29-23-24-25-256-257,0
771,4865-4867-4866-49195-49199-52393-52392-49196-49200-49162-49161-49171-49172-156-157-47-53-10,0-23-65281-10-11-16-5-34-51-43-13-45-28-21-41,29-23-24-25-256-257,0
771,49195-49196-52393-49199-49200-52392-156-157-49187-49188-49191-49192-60-61-49161-49162-49171-49172-47-53,0-10-65281-13-45,23-24-29-30,
771,4865-4866-4867-49195-49199-49196-49200-52393-52392-49171-49172-156-157-47-53,0-23-65281-10-11-35-5-13-18-51-45-43-27-41,29-23-24,0
771,159-107-57-158-103-51-157-61-53-156-60-47-255,13,,
771,159-107-57-158-103-51-157-61-53-156-60-47-255,0-13,,
771,157-156-61-60-53-47-5-4,0-13,,
771,4865-4866-4867-49195-49199-49196-49200-52393-52392-49161-49171-49162-49172-156-157-47-53-10,0-23-65281-10-11-16-13-13172-51-45-43-21,29-23-24,0
771,4865-4866-4867-49199-49195-49200-49196-52393-52392-49161-49171-49162-49172-156-157-47-53-10,0-23-65281-10-11-35-13-51-45-43-21,29-23-24,0
771,4865-4866-4867-49195-49199-49196-49200-52393-52392-49171-49172-156-157-47-53,0-23-65281-10-11-35-16-5-13-18-51-45-43-27-21-41,29-23-24,0
771,49191-49187-49192-49188-49162-49161-49159-49172-49171-49169-107-103-57-51-61-60-53-47-5-4,13-11-10-23,16-19-21-23-29-24-25,0
771,49196-49195-49200-49199-159-158-157-156-49191-49187-49192-49188-49162-49161-49159-49172-49171-49169-107-103-57-51-61-60-53-47-5-4,13-11-10-23,16-19-21-23-29-24-25,0
771,4867-4865-4866-49199-49195-49200-49196-52393-52392-49161-49171-49162-49172-156-157-47-53-10,0-23-65281-10-11-35-13-51-45-43-21,29-23-24,0
771,49195-49199-49196-49200-52393-52392-49171-49172-156-157-47-53-10,0-23-65281-10-11-35-16-5-13-18-27,29-23-24,0
771,4866-4867-4865-49196-49200-159-52393-52392-52394-49195-49199-158-49188-49192-107-49187-49191-103-49162-49172-57-49161-49171-51-157-156-61-60-53-47-255,0-11-10-13172-16-22-23-49-13-43-45-51-41,29-23-30-25-24,0-1-2
771,49195-49199-49196-49200-52393-52392-52244-52243-49161-49171-49162-49172-156-157-47-53-10,65281-0-23-35-13-5-18-16-30032-11-10,29-23-24,0
771,49195-49199-49196-49200-52393-52392-52244-52243-49161-49171-49162-49172-156-157-47-53-10,65281-0-23-35-13-5-18-16-11-10-21,29-23-24,0
771,49195-49199-49196-49200-52393-52392-52244-52243-49161-49171-49162-49172-156-157-47-53-10,65281-0-23-35-13-5-18-16-30032-11-10-21,29-23-24,0
771,49200-49196-49192-49188-49172-49162-165-163-161-159-107-106-105-104-57-56-55-54-136-135-134-133-49202-49198-49194-49190-49167-49157-157-61-53-132-141-49199-49195-49191-49187-49171-49161-164-162-160-158-103-64-63-62-51-50-49-48-154-153-152-151-69-68-67-66-49201-49197-49193-49189-49166-49156-156-60-47-150-65-7-140-49169-49159-49164-49154-5-4-138-255,0-11-10-35-13-15,23-25-28-27-24-26-22-14-13-11-12-9-10,0-1-2
771,49195-49199-49196-49200-52393-52392-52244-52243-49161-49171-49162-49172-156-157-47-53-10,65281-0-23-35-13-5-18-16-11-10,29-23-24,0
771,49200-49196-49192-49188-49172-49162-165-163-161-159-107-106-105-104-57-56-55-54-136-135-134-133-49202-49198-49194-49190-49167-49157-157-61-53-132-49199-49195-49191-49187-49171-49161-164-162-160-158-103-64-63-62-51-50-49-48-154-153-152-151-69-68-67-66-49201-49197-49193-49189-49166-49156-156-60-47-150-65-7-49170-49160-22-19-16-13-49165-49155-10-255,0-11-10-13-15-13172-16-21,23-25-28-27-24-26-22-14-13-11-12-9-10,0-1-2
771,4865-4867-4866-49195-49199-52393-52392-49196-49200-49162-49161-49171-49172-156-157-47-53,0-23-65281-10-11-16-5-34-51-43-13-45-28-21-41,29-23-24-25-256-257,0
771,49196-49200-159-52393-52392-52394-49195-49199-158-49188-49192-107-49187-49191-103-49162-49172-57-49161-49171-51-157-156-61-60-53-47-255,11-10-35-22-23-13,29-23-30-25-24,0-1-2
771,4865-4866-4867-49195-49199-49196-49200-52393-52392-49171-49172-156-157-47-53-10,0-23-65281-10-11-35-16-5-13-18-51-45-43-27-17513-21,29-23-24,0
771,4865-4867-4866-49195-49199-52393-52392-49196-49200-49162-49161-49171-49172-156-157-47-53-10,0-23-65281-10-11-35-16-5-51-43-13-45-28-21,29-23-24-25-256-257,0
771,4865-4866-4867-49195-49199-49196-49200-52393-52392-49171-49172-156-157-47-53,23-65281-10-11-35-16-5-13-18-51-45-43-27-17513-21,29-23-24,0
771,4865-4867-4866-49195-49199-52393-52392-49196-49200-49162-49161-49171-49172-156-157-47-53-10,23-65281-10-11-35-16-5-34-51-43-13-45-28-21,29-23-24-25-256-257,0
771,4866-4867-4865-49196-49200-159-52393-52392-52394-49195-49199-158-49188-49192-107-49187-49191-103-49162-49172-57-49161-49171-51-157-156-61-60-53-47-255,0-11-10-35-16-22-23-13-43-45-51,29-23-30-25-24,0-1-2
771,4865-4867-4866-49195-49199-52393-52392-49196-49200-49162-49161-49171-49172-156-157-47-53-10,23-65281-10-11-35-16-5-34-51-43-13-45-28-65037,29-23-24-25-256-257,0
771,4865-4867-4866-49195-49199-52393-52392-49196-49200-49162-49161-49171-49172-156-157-47-53-10,23-65281-10-11-16-5-34-51-43-13-45-28-65037-41,29-23-24-25-256-257,0
771,4865-4867-4866-49195-49199-52393-52392-49196-49200-49162-49161-49171-49172-156-157-47-53-10,23-65281-10-11-16-5-34-51-43-13-45-28-41,29-23-24-25-256-257,0
771,49195-49199-158-52244-52243-49162-49172-57-49161-49171-51-156-53-47-10,65281-0-23-35-13-5-13172-18-16-11-10,23-24,0
771,49195-49199-158-52244-52243-49162-49172-57-49161-49171-51-49159-49169-156-53-47-5-4-10-49192,65281-0-23-35-13-5-13172-18-16-11-10,23-24,0
770,49162-49172-57-49161-49171-51-49159-49169-53-47-5-4-10-22016,65281-0-23-35-5-13172-18-16-11-10,23-24,0
769,49162-49172-57-49161-49171-51-49159-49169-53-47-5-4-10-22016,65281-0-23-35-5-13172-18-16-11-10,23-24,0
771,49196-49200-159-52393-52392-52394-49195-49199-158-49188-49192-107-49187-49191-103-49162-49172-57-49161-49171-51-157-156-61-60-53-47-255,0-11-10-35-22-23-13,29-23-30-25-24,0-1-2
